"Name","Activity type","Description"
"29/12/2015 15:57","driving",""

"Segment","Point","Latitude (deg)","Longitude (deg)","Altitude (m)","Bearing (deg)","Accuracy (m)","Speed (m/s)","Time","Power (W)","Cadence (rpm)","Heart rate (bpm)"
"1","1","-2.174679","29.286398","1713.0","329.0","8","4.4721","2015-12-29T14:57:12.460Z","","",""
"1","2","-2.174679","29.286398","1713.0","329.0","8","4.4721","2015-12-29T14:57:18.087Z","","",""
"1","3","-2.174623","29.286376","1721.0","321.0","7","3.5","2015-12-29T14:57:18.995Z","","",""
"1","4","-2.174623","29.286376","1721.0","321.0","7","3.5","2015-12-29T14:57:19.044Z","","",""
"1","5","-2.174577","29.286328","1727.0","316.0","7","4","2015-12-29T14:57:19.971Z","","",""
"1","6","-2.174577","29.286328","1727.0","316.0","7","4","2015-12-29T14:57:20.008Z","","",""
"1","7","-2.174536","29.286287","1717.0","317.0","6","4.0311","2015-12-29T14:57:22.018Z","","",""
"1","8","-2.174536","29.286287","1717.0","317.0","6","4.0311","2015-12-29T14:57:22.094Z","","",""
"1","9","-2.174497","29.286245","1714.0","315.0","6","4.7762","2015-12-29T14:57:23.143Z","","",""
"1","10","-2.174497","29.286245","1714.0","315.0","6","4.7762","2015-12-29T14:57:23.185Z","","",""
"1","11","-2.174469","29.286303","1704.0","313.0","5","5.25","2015-12-29T14:57:24.002Z","","",""
"1","12","-2.174469","29.286303","1704.0","313.0","5","5.25","2015-12-29T14:57:24.049Z","","",""
"1","13","-2.174355","29.28613","1746.0","318.0","9","6","2015-12-29T14:57:27.010Z","","",""
"1","14","-2.174355","29.28613","1746.0","318.0","9","6","2015-12-29T14:57:27.059Z","","",""
"1","15","-2.174312","29.286111","1747.0","321.0","9","5.75","2015-12-29T14:57:28.062Z","","",""
"1","16","-2.174312","29.286111","1747.0","321.0","9","5.75","2015-12-29T14:57:28.107Z","","",""
"1","17","-2.174281","29.286086","1750.0","327.0","9","5.75","2015-12-29T14:57:29.065Z","","",""
"1","18","-2.174281","29.286086","1750.0","327.0","9","5.75","2015-12-29T14:57:29.095Z","","",""
"1","19","-2.174165","29.286029","1745.0","333.0","9","5.5","2015-12-29T14:57:31.046Z","","",""
"1","20","-2.174165","29.286029","1745.0","333.0","9","5.5","2015-12-29T14:57:31.095Z","","",""
"1","21","-2.174102","29.285999","1741.0","336.0","9","5.75","2015-12-29T14:57:32.117Z","","",""
"1","22","-2.174102","29.285999","1741.0","336.0","9","5.75","2015-12-29T14:57:32.180Z","","",""
"1","23","-2.174042","29.285984","1742.0","339.0","9","6","2015-12-29T14:57:33.091Z","","",""
"1","24","-2.174042","29.285984","1742.0","339.0","9","6","2015-12-29T14:57:33.131Z","","",""
"1","25","-2.173933","29.285962","1740.0","349.0","9","5.75","2015-12-29T14:57:35.169Z","","",""
"1","26","-2.173933","29.285962","1740.0","349.0","9","5.75","2015-12-29T14:57:35.204Z","","",""
"1","27","-2.173882","29.285956","1741.0","350.0","9","5.75","2015-12-29T14:57:36.299Z","","",""
"1","28","-2.173882","29.285956","1741.0","350.0","9","5.75","2015-12-29T14:57:36.332Z","","",""
"1","29","-2.173831","29.285945","1740.0","350.0","9","5.75","2015-12-29T14:57:37.204Z","","",""
"1","30","-2.173831","29.285945","1740.0","350.0","9","5.75","2015-12-29T14:57:37.233Z","","",""
"1","31","-2.173781","29.285937","1740.0","351.0","9","5.5","2015-12-29T14:57:38.136Z","","",""
"1","32","-2.173781","29.285937","1740.0","351.0","9","5.5","2015-12-29T14:57:38.172Z","","",""
"1","33","-2.173737","29.285924","1739.0","350.0","3.9","5.5","2015-12-29T14:57:39.158Z","","",""
"1","34","-2.173737","29.285924","1739.0","350.0","3","5.5","2015-12-29T14:57:39.192Z","","",""
"1","35","-2.173686","29.285914","1739.0","348.0","3.9","5.5","2015-12-29T14:57:40.092Z","","",""
"1","36","-2.173686","29.285914","1739.0","348.0","3","5.5","2015-12-29T14:57:40.125Z","","",""
"1","37","-2.173652","29.285907","1739.0","350.0","4","5.5","2015-12-29T14:57:41.294Z","","",""
"1","38","-2.173652","29.285907","1739.0","350.0","4","5.5","2015-12-29T14:57:41.346Z","","",""
"1","39","-2.173603","29.285905","1741.0","352.0","4","5.75","2015-12-29T14:57:42.089Z","","",""
"1","40","-2.173603","29.285905","1741.0","352.0","4","5.75","2015-12-29T14:57:42.117Z","","",""
"1","41","-2.173563","29.285899","1739.0","355.0","4","5.75","2015-12-29T14:57:43.105Z","","",""
"1","42","-2.173563","29.285899","1739.0","355.0","4","5.75","2015-12-29T14:57:43.159Z","","",""
"1","43","-2.173514","29.285891","1739.0","355.0","4","5.75","2015-12-29T14:57:44.075Z","","",""
"1","44","-2.173514","29.285891","1739.0","355.0","4","5.75","2015-12-29T14:57:44.110Z","","",""
"1","45","-2.17346","29.285895","1738.0","354.0","4","5.75","2015-12-29T14:57:45.017Z","","",""
"1","46","-2.17346","29.285895","1738.0","354.0","4","5.75","2015-12-29T14:57:45.128Z","","",""
"1","47","-2.173404","29.2859","1737.0","358.0","4","5.75","2015-12-29T14:57:46.222Z","","",""
"1","48","-2.173404","29.2859","1737.0","358.0","4","5.75","2015-12-29T14:57:46.291Z","","",""
"1","49","-2.173359","29.285896","1737.0","355.0","5","5.75","2015-12-29T14:57:47.092Z","","",""
"1","50","-2.173359","29.285896","1737.0","355.0","5","5.75","2015-12-29T14:57:47.121Z","","",""
"1","51","-2.173301","29.28589","1737.0","353.0","5","6","2015-12-29T14:57:48.042Z","","",""
"1","52","-2.173301","29.28589","1737.0","353.0","5","6","2015-12-29T14:57:48.129Z","","",""
"1","53","-2.173268","29.285886","1734.0","355.0","5","5.5","2015-12-29T14:57:49.060Z","","",""
"1","54","-2.173268","29.285886","1734.0","355.0","5","5.5","2015-12-29T14:57:49.111Z","","",""
"1","55","-2.173215","29.285879","1734.0","354.0","5","5.5","2015-12-29T14:57:50.148Z","","",""
"1","56","-2.173215","29.285879","1734.0","354.0","5","5.5","2015-12-29T14:57:50.199Z","","",""
"1","57","-2.173171","29.285877","1731.0","358.0","5","5.75","2015-12-29T14:57:51.287Z","","",""
"1","58","-2.173171","29.285877","1731.0","358.0","5","5.75","2015-12-29T14:57:51.363Z","","",""
"1","59","-2.173129","29.285873","1730.0","359.0","5","5.5","2015-12-29T14:57:52.120Z","","",""
"1","60","-2.173129","29.285873","1730.0","359.0","5","5.5","2015-12-29T14:57:52.150Z","","",""
"1","61","-2.173073","29.285877","1730.0","2.0","5","5.25","2015-12-29T14:57:53.049Z","","",""
"1","62","-2.173073","29.285877","1730.0","2.0","5","5.25","2015-12-29T14:57:53.110Z","","",""
"1","63","-2.173017","29.285885","1728.0","2.0","5","5.25","2015-12-29T14:57:54.087Z","","",""
"1","64","-2.173017","29.285885","1728.0","2.0","5","5.25","2015-12-29T14:57:54.124Z","","",""
"1","65","-2.172972","29.285889","1729.0","3.0","4","4.5","2015-12-29T14:57:55.059Z","","",""
"1","66","-2.172972","29.285889","1729.0","3.0","4","4.5","2015-12-29T14:57:55.100Z","","",""
"1","67","-2.17293","29.285901","1727.0","8.0","5","4.25","2015-12-29T14:57:56.164Z","","",""
"1","68","-2.17293","29.285901","1727.0","8.0","5","4.25","2015-12-29T14:57:56.214Z","","",""
"1","69","-2.172891","29.285915","1726.0","13.0","4","4.25","2015-12-29T14:57:57.102Z","","",""
"1","70","-2.172891","29.285915","1726.0","13.0","4","4.25","2015-12-29T14:57:57.137Z","","",""
"1","71","-2.17284","29.285925","1724.0","16.0","4","4.25","2015-12-29T14:57:58.073Z","","",""
"1","72","-2.17284","29.285925","1724.0","16.0","4","4.25","2015-12-29T14:57:58.104Z","","",""
"1","73","-2.1728","29.28594","1723.0","20.0","4","4.25","2015-12-29T14:57:59.067Z","","",""
"1","74","-2.1728","29.28594","1723.0","20.0","4","4.25","2015-12-29T14:57:59.109Z","","",""
"1","75","-2.172766","29.285955","1723.0","22.0","4","4.25","2015-12-29T14:58:00.076Z","","",""
"1","76","-2.172766","29.285955","1723.0","22.0","4","4.25","2015-12-29T14:58:00.145Z","","",""
"1","77","-2.17273","29.285969","1723.0","24.0","4","4.25","2015-12-29T14:58:01.043Z","","",""
"1","78","-2.17273","29.285969","1723.0","24.0","4","4.25","2015-12-29T14:58:01.122Z","","",""
"1","79","-2.17269","29.285987","1722.0","24.0","4","4.25","2015-12-29T14:58:02.085Z","","",""
"1","80","-2.17269","29.285987","1722.0","24.0","4","4.25","2015-12-29T14:58:02.124Z","","",""
"1","81","-2.172656","29.286011","1722.0","25.0","3.9","4.5","2015-12-29T14:58:03.065Z","","",""
"1","82","-2.172656","29.286011","1722.0","25.0","3","4.5","2015-12-29T14:58:03.097Z","","",""
"1","83","-2.172614","29.286026","1721.0","24.0","3.9","4.5","2015-12-29T14:58:04.065Z","","",""
"1","84","-2.172614","29.286026","1721.0","24.0","3","4.5","2015-12-29T14:58:04.105Z","","",""
"1","85","-2.172578","29.286042","1720.0","22.0","3.9","4.5","2015-12-29T14:58:05.072Z","","",""
"1","86","-2.172578","29.286042","1720.0","22.0","3","4.5","2015-12-29T14:58:05.128Z","","",""
"1","87","-2.172543","29.286059","1718.0","24.0","3.9","4.5","2015-12-29T14:58:06.059Z","","",""
"1","88","-2.172543","29.286059","1718.0","24.0","3","4.5","2015-12-29T14:58:06.105Z","","",""
"1","89","-2.172507","29.286076","1717.0","24.0","3.9","4.5","2015-12-29T14:58:07.209Z","","",""
"1","90","-2.172507","29.286076","1717.0","24.0","3","4.5","2015-12-29T14:58:07.264Z","","",""
"1","91","-2.172471","29.286096","1716.0","26.0","3.9","4.5","2015-12-29T14:58:08.066Z","","",""
"1","92","-2.172471","29.286096","1716.0","26.0","3","4.5","2015-12-29T14:58:08.098Z","","",""
"1","93","-2.172433","29.286114","1717.0","26.0","3.9","4.75","2015-12-29T14:58:09.065Z","","",""
"1","94","-2.172433","29.286114","1717.0","26.0","3","4.75","2015-12-29T14:58:09.090Z","","",""
"1","95","-2.172391","29.286128","1715.0","21.0","3.9","4.75","2015-12-29T14:58:10.122Z","","",""
"1","96","-2.172391","29.286128","1715.0","21.0","3","4.75","2015-12-29T14:58:10.164Z","","",""
"1","97","-2.172354","29.286148","1714.0","23.0","3.9","5","2015-12-29T14:58:11.083Z","","",""
"1","98","-2.172354","29.286148","1714.0","23.0","3","5","2015-12-29T14:58:11.129Z","","",""
"1","99","-2.172309","29.286166","1713.0","19.0","3.9","5","2015-12-29T14:58:12.116Z","","",""
"1","100","-2.172309","29.286166","1713.0","19.0","3","5","2015-12-29T14:58:12.346Z","","",""
"1","101","-2.172266","29.286173","1712.0","13.0","3.9","5","2015-12-29T14:58:13.158Z","","",""
"1","102","-2.172266","29.286173","1712.0","13.0","3","5","2015-12-29T14:58:13.228Z","","",""
"1","103","-2.172227","29.286192","1711.0","13.0","4","5","2015-12-29T14:58:14.125Z","","",""
"1","104","-2.172227","29.286192","1711.0","13.0","4","5","2015-12-29T14:58:14.156Z","","",""
"1","105","-2.172184","29.286204","1710.0","14.0","4","4.75","2015-12-29T14:58:15.038Z","","",""
"1","106","-2.172184","29.286204","1710.0","14.0","4","4.75","2015-12-29T14:58:15.077Z","","",""
"1","107","-2.172148","29.286227","1709.0","22.0","4","4.75","2015-12-29T14:58:16.044Z","","",""
"1","108","-2.172148","29.286227","1709.0","22.0","4","4.75","2015-12-29T14:58:16.092Z","","",""
"1","109","-2.172112","29.286236","1710.0","22.0","5","4.5","2015-12-29T14:58:17.102Z","","",""
"1","110","-2.172112","29.286236","1710.0","22.0","5","4.5","2015-12-29T14:58:17.191Z","","",""
"1","111","-2.172082","29.286246","1710.0","20.0","6","4.25","2015-12-29T14:58:18.085Z","","",""
"1","112","-2.172082","29.286246","1710.0","20.0","6","4.25","2015-12-29T14:58:18.154Z","","",""
"1","113","-2.172057","29.286267","1710.0","26.0","5","3.75","2015-12-29T14:58:19.061Z","","",""
"1","114","-2.172057","29.286267","1710.0","26.0","5","3.75","2015-12-29T14:58:19.137Z","","",""
"1","115","-2.17204","29.286293","1709.0","28.0","5","3.5","2015-12-29T14:58:20.078Z","","",""
"1","116","-2.17204","29.286293","1709.0","28.0","5","3.5","2015-12-29T14:58:20.123Z","","",""
"1","117","-2.172008","29.286297","1708.0","28.0","4","3.75","2015-12-29T14:58:21.086Z","","",""
"1","118","-2.172008","29.286297","1708.0","28.0","4","3.75","2015-12-29T14:58:21.118Z","","",""
"1","119","-2.171996","29.286295","1707.0","23.0","5","3.25","2015-12-29T14:58:22.058Z","","",""
"1","120","-2.171996","29.286295","1707.0","23.0","5","3.25","2015-12-29T14:58:22.091Z","","",""
"1","121","-2.171938","29.286317","1706.0","27.0","4","4.5","2015-12-29T14:58:23.048Z","","",""
"1","122","-2.171938","29.286317","1706.0","27.0","4","4.5","2015-12-29T14:58:23.110Z","","",""
"1","123","-2.171897","29.286328","1705.0","22.0","4","4.25","2015-12-29T14:58:24.131Z","","",""
"1","124","-2.171897","29.286328","1705.0","22.0","4","4.25","2015-12-29T14:58:24.168Z","","",""
"1","125","-2.171858","29.28634","1704.0","17.0","4","4.25","2015-12-29T14:58:25.292Z","","",""
"1","126","-2.171858","29.28634","1704.0","17.0","4","4.25","2015-12-29T14:58:25.331Z","","",""
"1","127","-2.171821","29.286347","1703.0","13.0","4","4.25","2015-12-29T14:58:26.137Z","","",""
"1","128","-2.171821","29.286347","1703.0","13.0","4","4.25","2015-12-29T14:58:26.169Z","","",""
"1","129","-2.171778","29.286357","1704.0","13.0","4","4.25","2015-12-29T14:58:28.055Z","","",""
"1","130","-2.171778","29.286357","1704.0","13.0","4","4.25","2015-12-29T14:58:28.164Z","","",""
"1","131","-2.171738","29.286361","1702.0","6.0","4","4.25","2015-12-29T14:58:28.201Z","","",""
"1","132","-2.171738","29.286361","1702.0","6.0","4","4.25","2015-12-29T14:58:28.227Z","","",""
"1","133","-2.171696","29.286359","1701.0","359.0","4","4.5","2015-12-29T14:58:29.122Z","","",""
"1","134","-2.171696","29.286359","1701.0","359.0","4","4.5","2015-12-29T14:58:29.155Z","","",""
"1","135","-2.171654","29.286351","1700.0","351.0","4","4.5","2015-12-29T14:58:30.143Z","","",""
"1","136","-2.171654","29.286351","1700.0","351.0","4","4.5","2015-12-29T14:58:30.624Z","","",""
"1","137","-2.171613","29.286339","1699.0","345.0","4","4.5","2015-12-29T14:58:31.095Z","","",""
"1","138","-2.171613","29.286339","1699.0","345.0","4","4.5","2015-12-29T14:58:31.367Z","","",""
"1","139","-2.171571","29.286323","1699.0","340.0","4","4.5","2015-12-29T14:58:32.119Z","","",""
"1","140","-2.171571","29.286323","1699.0","340.0","4","4.5","2015-12-29T14:58:32.154Z","","",""
"1","141","-2.171509","29.286299","1698.0","343.0","4","5.75","2015-12-29T14:58:33.035Z","","",""
"1","142","-2.171509","29.286299","1698.0","343.0","4","5.75","2015-12-29T14:58:33.063Z","","",""
"1","143","-2.171457","29.286282","1697.0","346.0","4","6","2015-12-29T14:58:34.085Z","","",""
"1","144","-2.171457","29.286282","1697.0","346.0","4","6","2015-12-29T14:58:34.116Z","","",""
"1","145","-2.171398","29.286271","1697.0","345.0","4","5.75","2015-12-29T14:58:35.223Z","","",""
"1","146","-2.171398","29.286271","1697.0","345.0","4","5.75","2015-12-29T14:58:35.698Z","","",""
"1","147","-2.171351","29.286258","1695.0","342.0","4","5.5","2015-12-29T14:58:36.011Z","","",""
"1","148","-2.171351","29.286258","1695.0","342.0","4","5.5","2015-12-29T14:58:36.311Z","","",""
"1","149","-2.171313","29.286245","1697.0","338.0","4","5.5","2015-12-29T14:58:37.089Z","","",""
"1","150","-2.171313","29.286245","1697.0","338.0","4","5.5","2015-12-29T14:58:37.118Z","","",""
"1","151","-2.1713","29.286201","1694.0","328.0","4","5","2015-12-29T14:58:38.289Z","","",""
"1","152","-2.1713","29.286201","1694.0","328.0","4","5","2015-12-29T14:58:38.637Z","","",""
"1","153","-2.17127","29.286166","1693.0","320.0","4","5","2015-12-29T14:58:39.012Z","","",""
"1","154","-2.17127","29.286166","1693.0","320.0","4","5","2015-12-29T14:58:39.052Z","","",""
"1","155","-2.171228","29.286134","1693.0","315.0","4","5.25","2015-12-29T14:58:40.069Z","","",""
"1","156","-2.171228","29.286134","1693.0","315.0","4","5.25","2015-12-29T14:58:40.633Z","","",""
"1","157","-2.171199","29.286088","1692.0","309.0","9","5.5","2015-12-29T14:58:41.017Z","","",""
"1","158","-2.171199","29.286088","1692.0","309.0","9","5.5","2015-12-29T14:58:41.079Z","","",""
"1","159","-2.171165","29.286044","1692.0","297.0","9","5.75","2015-12-29T14:58:42.578Z","","",""
"1","160","-2.171165","29.286044","1692.0","297.0","9","5.75","2015-12-29T14:58:42.651Z","","",""
"1","161","-2.171001","29.285427","1695.0","284.0","9","5.5","2015-12-29T14:58:55.229Z","","",""
"1","162","-2.171001","29.285427","1695.0","284.0","9","5.5","2015-12-29T14:58:55.702Z","","",""
"1","163","-2.170981","29.285379","1694.0","287.0","9","5.25","2015-12-29T14:58:56.348Z","","",""
"1","164","-2.170981","29.285379","1694.0","287.0","9","5.25","2015-12-29T14:58:56.386Z","","",""
"1","165","-2.170925","29.285308","1693.0","293.0","9","4.5","2015-12-29T14:58:58.221Z","","",""
"1","166","-2.170925","29.285308","1693.0","293.0","9","4.5","2015-12-29T14:58:58.679Z","","",""
"1","167","-2.170893","29.285281","1692.0","300.0","9","4.25","2015-12-29T14:58:59.012Z","","",""
"1","168","-2.170893","29.285281","1692.0","300.0","9","4.25","2015-12-29T14:58:59.046Z","","",""
"1","169","-2.170865","29.285246","1691.0","307.0","9","4.25","2015-12-29T14:59:00.350Z","","",""
"1","170","-2.170865","29.285246","1691.0","307.0","9","4.25","2015-12-29T14:59:00.627Z","","",""
"1","171","-2.170837","29.285225","1689.0","316.0","9","4.5","2015-12-29T14:59:01.088Z","","",""
"1","172","-2.170837","29.285225","1689.0","316.0","9","4.5","2015-12-29T14:59:01.133Z","","",""
"1","173","-2.170806","29.285194","1687.0","322.0","9","4.75","2015-12-29T14:59:02.725Z","","",""
"1","174","-2.170806","29.285194","1687.0","322.0","9","4.75","2015-12-29T14:59:02.758Z","","",""
"1","175","-2.170766","29.285167","1687.0","324.0","9","5","2015-12-29T14:59:03.012Z","","",""
"1","176","-2.170766","29.285167","1687.0","324.0","9","5","2015-12-29T14:59:03.040Z","","",""
"1","177","-2.170722","29.285137","1687.0","326.0","9","5.5","2015-12-29T14:59:04.181Z","","",""
"1","178","-2.170722","29.285137","1687.0","326.0","9","5.5","2015-12-29T14:59:04.672Z","","",""
"1","179","-2.170669","29.285115","1686.0","333.0","9","5.75","2015-12-29T14:59:05.012Z","","",""
"1","180","-2.170669","29.285115","1686.0","333.0","9","5.75","2015-12-29T14:59:05.067Z","","",""
"1","181","-2.170615","29.285095","1684.0","336.0","9","6","2015-12-29T14:59:06.049Z","","",""
"1","182","-2.170615","29.285095","1684.0","336.0","9","6","2015-12-29T14:59:06.622Z","","",""
"1","183","-2.170472","29.28503","1682.0","332.0","9","6","2015-12-29T14:59:09.047Z","","",""
"1","184","-2.170472","29.28503","1682.0","332.0","9","6","2015-12-29T14:59:09.244Z","","",""
"1","185","-2.170422","29.285005","1682.0","335.0","9","6","2015-12-29T14:59:10.153Z","","",""
"1","186","-2.170422","29.285005","1682.0","335.0","9","6","2015-12-29T14:59:10.199Z","","",""
"1","187","-2.170364","29.284984","1682.0","337.0","9","6.25","2015-12-29T14:59:11.244Z","","",""
"1","188","-2.170364","29.284984","1682.0","337.0","9","6.25","2015-12-29T14:59:11.648Z","","",""
"1","189","-2.170316","29.284956","1682.0","334.0","9","6.25","2015-12-29T14:59:12.012Z","","",""
"1","190","-2.170316","29.284956","1682.0","334.0","9","6.25","2015-12-29T14:59:12.048Z","","",""
"1","191","-2.170261","29.284928","1683.0","332.0","9","6.25","2015-12-29T14:59:13.345Z","","",""
"1","192","-2.170261","29.284928","1683.0","332.0","9","6.25","2015-12-29T14:59:13.645Z","","",""
"1","193","-2.170215","29.284911","1683.0","333.0","9","6","2015-12-29T14:59:14.164Z","","",""
"1","194","-2.170215","29.284911","1683.0","333.0","9","6","2015-12-29T14:59:14.209Z","","",""
"1","195","-2.170164","29.284883","1683.0","332.0","9","6.5","2015-12-29T14:59:15.070Z","","",""
"1","196","-2.170164","29.284883","1683.0","332.0","9","6.5","2015-12-29T14:59:15.109Z","","",""
"1","197","-2.17011","29.284854","1684.0","330.0","9","6.75","2015-12-29T14:59:16.727Z","","",""
"1","198","-2.17011","29.284854","1684.0","330.0","9","6.75","2015-12-29T14:59:16.754Z","","",""
"1","199","-2.170021","29.284806","1683.0","334.0","9","5.75","2015-12-29T14:59:18.191Z","","",""
"1","200","-2.170021","29.284806","1683.0","334.0","9","5.75","2015-12-29T14:59:18.681Z","","",""
"1","201","-2.169975","29.284783","1684.0","332.0","9","5.5","2015-12-29T14:59:19.039Z","","",""
"1","202","-2.169975","29.284783","1684.0","332.0","9","5.5","2015-12-29T14:59:19.093Z","","",""
"1","203","-2.169941","29.284769","1683.0","334.0","9","5","2015-12-29T14:59:20.403Z","","",""
"1","204","-2.169941","29.284769","1683.0","334.0","9","5","2015-12-29T14:59:20.704Z","","",""
"1","205","-2.169898","29.284752","1683.0","336.0","9","5","2015-12-29T14:59:21.013Z","","",""
"1","206","-2.169898","29.284752","1683.0","336.0","9","5","2015-12-29T14:59:21.073Z","","",""
"1","207","-2.169849","29.284739","1683.0","338.0","9","5.25","2015-12-29T14:59:22.050Z","","",""
"1","208","-2.169849","29.284739","1683.0","338.0","9","5.25","2015-12-29T14:59:22.651Z","","",""
"1","209","-2.169812","29.284718","1684.0","330.0","9","5","2015-12-29T14:59:23.242Z","","",""
"1","210","-2.169812","29.284718","1684.0","330.0","9","5","2015-12-29T14:59:23.325Z","","",""
"1","211","-2.16977","29.284694","1684.0","331.0","9","4.75","2015-12-29T14:59:24.184Z","","",""
"1","212","-2.16977","29.284694","1684.0","331.0","9","4.75","2015-12-29T14:59:24.210Z","","",""
"1","213","-2.169745","29.284679","1684.0","335.0","9","4.5","2015-12-29T14:59:25.421Z","","",""
"1","214","-2.169745","29.284679","1684.0","335.0","9","4.5","2015-12-29T14:59:25.685Z","","",""
"1","215","-2.169706","29.284661","1684.0","336.0","9","4.5","2015-12-29T14:59:26.210Z","","",""
"1","216","-2.169706","29.284661","1684.0","336.0","9","4.5","2015-12-29T14:59:26.257Z","","",""
"1","217","-2.169667","29.284641","1684.0","334.0","9","4.25","2015-12-29T14:59:27.440Z","","",""
"1","218","-2.169667","29.284641","1684.0","334.0","9","4.25","2015-12-29T14:59:27.661Z","","",""
"1","219","-2.169629","29.28462","1684.0","333.0","9","4.25","2015-12-29T14:59:28.166Z","","",""
"1","220","-2.169629","29.28462","1684.0","333.0","9","4.25","2015-12-29T14:59:28.192Z","","",""
"1","221","-2.169593","29.284596","1684.0","329.0","9","4.25","2015-12-29T14:59:29.156Z","","",""
"1","222","-2.169593","29.284596","1684.0","329.0","9","4.25","2015-12-29T14:59:29.697Z","","",""
"1","223","-2.169561","29.284583","1683.0","329.0","9","4.25","2015-12-29T14:59:30.392Z","","",""
"1","224","-2.169561","29.284583","1683.0","329.0","9","4.25","2015-12-29T14:59:30.496Z","","",""
"1","225","-2.169523","29.284567","1683.0","331.0","9","4.25","2015-12-29T14:59:31.128Z","","",""
"1","226","-2.169523","29.284567","1683.0","331.0","9","4.25","2015-12-29T14:59:31.172Z","","",""
"1","227","-2.169505","29.28455","1685.0","334.0","9","3","2015-12-29T14:59:32.070Z","","",""
"1","228","-2.169505","29.28455","1685.0","334.0","9","3","2015-12-29T14:59:32.653Z","","",""
"1","229","-2.169491","29.284544","1686.0","343.0","9","2","2015-12-29T14:59:33.036Z","","",""
"1","230","-2.169495","29.284542","1687.0","343.0","9","0.25","2015-12-29T14:59:36.591Z","","",""
"1","231","-2.169501","29.284543","1687.0","343.0","9","0.5","2015-12-29T14:59:37.012Z","","",""
"1","232","-2.169509","29.284543","1686.0","343.0","9","0.5","2015-12-29T14:59:38.725Z","","",""
"1","233","-2.169516","29.284543","1685.0","343.0","9","0.5","2015-12-29T14:59:39.018Z","","",""
"1","234","-2.169523","29.284543","1685.0","343.0","9","0.5","2015-12-29T14:59:40.447Z","","",""
"1","235","-2.169529","29.284542","1686.0","343.0","9","0.5","2015-12-29T14:59:41.091Z","","",""
"1","236","-2.169537","29.284541","1686.0","","9","0","2015-12-29T14:59:43.046Z","","",""
"1","237","-2.169538","29.28454","1687.0","","9","0","2015-12-29T14:59:44.364Z","","",""
"1","238","-2.169533","29.284543","1687.0","343.0","4","0.25","2015-12-29T14:59:53.077Z","","",""
"1","239","-2.169521","29.284539","1687.0","353.0","4","1","2015-12-29T14:59:54.221Z","","",""
"1","240","-2.169521","29.284539","1687.0","353.0","4","1","2015-12-29T14:59:54.695Z","","",""
"1","241","-2.169508","29.284538","1687.0","4.0","4","1.25","2015-12-29T14:59:55.192Z","","",""
"1","242","-2.169508","29.284538","1687.0","4.0","4","1.25","2015-12-29T14:59:55.304Z","","",""
"1","243","-2.169495","29.28454","1687.0","17.0","4","1.25","2015-12-29T14:59:56.092Z","","",""
"1","244","-2.16949","29.284545","1686.0","","4","0","2015-12-29T15:01:48.654Z","","",""
"1","245","-2.169489","29.284547","1686.0","28.0","4","0.25","2015-12-29T15:01:49.014Z","","",""
"1","246","-2.169485","29.284552","1688.0","28.0","3","0.5","2015-12-29T15:01:50.106Z","","",""
"1","247","-2.169479","29.28456","1688.0","28.0","3.9","0.75","2015-12-29T15:01:51.562Z","","",""
"1","248","-2.169479","29.28456","1688.0","28.0","3","0.75","2015-12-29T15:01:51.698Z","","",""
"1","249","-2.169466","29.284574","1688.0","47.0","3.9","1.5","2015-12-29T15:01:52.024Z","","",""
"1","250","-2.169466","29.284574","1688.0","47.0","3","1.5","2015-12-29T15:01:52.076Z","","",""
"1","251","-2.169454","29.284589","1689.0","48.0","3.9","1.5","2015-12-29T15:01:53.455Z","","",""
"1","252","-2.169454","29.284589","1689.0","48.0","3","1.5","2015-12-29T15:01:53.668Z","","",""
"1","253","-2.169443","29.284604","1689.0","51.0","4","1.75","2015-12-29T15:01:54.023Z","","",""
"1","254","-2.169443","29.284604","1689.0","51.0","4","1.75","2015-12-29T15:01:54.069Z","","",""
"1","255","-2.169431","29.284622","1688.0","55.0","4","1.75","2015-12-29T15:01:55.469Z","","",""
"1","256","-2.169431","29.284622","1688.0","55.0","4","1.75","2015-12-29T15:01:55.623Z","","",""
"1","257","-2.169418","29.284642","1689.0","57.0","4","2","2015-12-29T15:01:56.269Z","","",""
"1","258","-2.169418","29.284642","1689.0","57.0","4","2","2015-12-29T15:01:56.355Z","","",""
"1","259","-2.1694","29.284668","1689.0","58.0","4","3","2015-12-29T15:01:57.408Z","","",""
"1","260","-2.1694","29.284668","1689.0","58.0","4","3","2015-12-29T15:01:57.707Z","","",""
"1","261","-2.169382","29.284695","1689.0","57.0","4","3.25","2015-12-29T15:01:58.016Z","","",""
"1","262","-2.169382","29.284695","1689.0","57.0","4","3.25","2015-12-29T15:01:58.058Z","","",""
"1","263","-2.169364","29.284722","1689.0","57.0","4","3.25","2015-12-29T15:01:59.237Z","","",""
"1","264","-2.169364","29.284722","1689.0","57.0","4","3.25","2015-12-29T15:01:59.633Z","","",""
"1","265","-2.169346","29.28475","1691.0","58.0","3.9","3.25","2015-12-29T15:02:00.082Z","","",""
"1","266","-2.169346","29.28475","1691.0","58.0","3","3.25","2015-12-29T15:02:00.149Z","","",""
"1","267","-2.169327","29.284777","1692.0","59.0","4","3.25","2015-12-29T15:02:01.081Z","","",""
"1","268","-2.169327","29.284777","1692.0","59.0","4","3.25","2015-12-29T15:02:01.636Z","","",""
"1","269","-2.169309","29.284805","1693.0","60.0","4","3.25","2015-12-29T15:02:02.048Z","","",""
"1","270","-2.169309","29.284805","1693.0","60.0","4","3.25","2015-12-29T15:02:02.144Z","","",""
"1","271","-2.169291","29.284833","1694.0","59.0","4","3.25","2015-12-29T15:02:03.701Z","","",""
"1","272","-2.169291","29.284833","1694.0","59.0","4","3.25","2015-12-29T15:02:03.745Z","","",""
"1","273","-2.169273","29.284863","1694.0","60.0","4","3.25","2015-12-29T15:02:04.015Z","","",""
"1","274","-2.169273","29.284863","1694.0","60.0","4","3.25","2015-12-29T15:02:04.069Z","","",""
"1","275","-2.169255","29.284893","1695.0","61.0","4","3.5","2015-12-29T15:02:05.213Z","","",""
"1","276","-2.169255","29.284893","1695.0","61.0","4","3.5","2015-12-29T15:02:05.677Z","","",""
"1","277","-2.169239","29.284924","1697.0","61.0","4","3.5","2015-12-29T15:02:06.015Z","","",""
"1","278","-2.169239","29.284924","1697.0","61.0","4","3.5","2015-12-29T15:02:06.052Z","","",""
"1","279","-2.169223","29.284955","1698.0","61.0","9","3.25","2015-12-29T15:02:07.234Z","","",""
"1","280","-2.169223","29.284955","1698.0","61.0","9","3.25","2015-12-29T15:02:07.657Z","","",""
"1","281","-2.169206","29.284981","1695.0","59.0","9","3.25","2015-12-29T15:02:08.042Z","","",""
"1","282","-2.169206","29.284981","1695.0","59.0","9","3.25","2015-12-29T15:02:08.068Z","","",""
"1","283","-2.16919","29.285004","1694.0","57.0","9","3.25","2015-12-29T15:02:09.361Z","","",""
"1","284","-2.16919","29.285004","1694.0","57.0","9","3.25","2015-12-29T15:02:09.631Z","","",""
"1","285","-2.169177","29.285021","1694.0","56.0","9","2.5","2015-12-29T15:02:10.140Z","","",""
"1","286","-2.169177","29.285021","1694.0","56.0","9","2.5","2015-12-29T15:02:10.217Z","","",""
"1","287","-2.169165","29.285036","1693.0","56.0","9","2.5","2015-12-29T15:02:11.359Z","","",""
"1","288","-2.169165","29.285036","1693.0","56.0","9","2.5","2015-12-29T15:02:11.630Z","","",""
"1","289","-2.169154","29.285051","1693.0","56.0","9","2.25","2015-12-29T15:02:12.019Z","","",""
"1","290","-2.169154","29.285051","1693.0","56.0","9","2.25","2015-12-29T15:02:12.056Z","","",""
"1","291","-2.169144","29.285064","1693.0","56.0","9","2.25","2015-12-29T15:02:13.362Z","","",""
"1","292","-2.169144","29.285064","1693.0","56.0","9","2.25","2015-12-29T15:02:13.633Z","","",""
"1","293","-2.169135","29.285077","1693.0","58.0","9","2","2015-12-29T15:02:14.015Z","","",""
"1","294","-2.169135","29.285077","1693.0","58.0","9","2","2015-12-29T15:02:14.058Z","","",""
"1","295","-2.169127","29.285091","1695.0","60.0","9","2","2015-12-29T15:02:15.362Z","","",""
"1","296","-2.169127","29.285091","1695.0","60.0","9","2","2015-12-29T15:02:15.640Z","","",""
"1","297","-2.169122","29.285108","1696.0","65.0","3.9","2","2015-12-29T15:02:16.015Z","","",""
"1","298","-2.169122","29.285108","1696.0","65.0","3","2","2015-12-29T15:02:16.057Z","","",""
"1","299","-2.169119","29.285126","1697.0","71.0","3.9","2","2015-12-29T15:02:17.327Z","","",""
"1","300","-2.169119","29.285126","1697.0","71.0","3","2","2015-12-29T15:02:17.376Z","","",""
"1","301","-2.169116","29.285145","1697.0","74.0","3.9","2","2015-12-29T15:02:18.095Z","","",""
"1","302","-2.169116","29.285145","1697.0","74.0","3","2","2015-12-29T15:02:18.127Z","","",""
"1","303","-2.169112","29.285163","1698.0","73.0","3.9","2","2015-12-29T15:02:19.054Z","","",""
"1","304","-2.169112","29.285163","1698.0","73.0","3","2","2015-12-29T15:02:19.627Z","","",""
"1","305","-2.169107","29.285178","1699.0","69.0","3.9","2","2015-12-29T15:02:20.015Z","","",""
"1","306","-2.169109","29.28517","1699.0","","3","0","2015-12-29T15:02:21.542Z","","",""
"1","307","-2.169109","29.285168","1700.0","","3.9","0","2015-12-29T15:02:22.052Z","","",""
"1","308","-2.169104","29.285167","1701.0","69.0","3","0.25","2015-12-29T15:02:32.074Z","","",""
"1","309","-2.169101","29.285173","1702.0","69.0","3.9","0.5","2015-12-29T15:02:33.363Z","","",""
"1","310","-2.169096","29.28518","1702.0","69.0","4","0.75","2015-12-29T15:02:34.043Z","","",""
"1","311","-2.169082","29.2852","1702.0","54.0","3.9","2.25","2015-12-29T15:02:35.320Z","","",""
"1","312","-2.169082","29.2852","1702.0","54.0","3","2.25","2015-12-29T15:02:35.626Z","","",""
"1","313","-2.169066","29.285225","1702.0","53.0","3.9","2.75","2015-12-29T15:02:36.015Z","","",""
"1","314","-2.169066","29.285225","1702.0","53.0","3","2.75","2015-12-29T15:02:36.054Z","","",""
"1","315","-2.16905","29.285252","1702.0","56.0","3.9","2.75","2015-12-29T15:02:37.360Z","","",""
"1","316","-2.16905","29.285252","1702.0","56.0","3","2.75","2015-12-29T15:02:37.658Z","","",""
"1","317","-2.169036","29.285277","1702.0","59.0","4","2.75","2015-12-29T15:02:38.015Z","","",""
"1","318","-2.169036","29.285277","1702.0","59.0","4","2.75","2015-12-29T15:02:38.058Z","","",""
"1","319","-2.169025","29.285304","1703.0","64.0","3.9","2.75","2015-12-29T15:02:39.236Z","","",""
"1","320","-2.169025","29.285304","1703.0","64.0","3","2.75","2015-12-29T15:02:39.643Z","","",""
"1","321","-2.169016","29.285331","1703.0","68.0","4","2.75","2015-12-29T15:02:40.016Z","","",""
"1","322","-2.169016","29.285331","1703.0","68.0","4","2.75","2015-12-29T15:02:40.056Z","","",""
"1","323","-2.169008","29.285356","1703.0","71.0","4","2.75","2015-12-29T15:02:41.198Z","","",""
"1","324","-2.169008","29.285356","1703.0","71.0","4","2.75","2015-12-29T15:02:41.627Z","","",""
"1","325","-2.169002","29.285379","1703.0","71.0","3.9","2.75","2015-12-29T15:02:42.015Z","","",""
"1","326","-2.169002","29.285379","1703.0","71.0","3","2.75","2015-12-29T15:02:42.075Z","","",""
"1","327","-2.168996","29.285403","1703.0","72.0","4","2.75","2015-12-29T15:02:43.454Z","","",""
"1","328","-2.168996","29.285403","1703.0","72.0","4","2.75","2015-12-29T15:02:43.662Z","","",""
"1","329","-2.16899","29.285427","1703.0","72.0","4","2.75","2015-12-29T15:02:44.029Z","","",""
"1","330","-2.16899","29.285427","1703.0","72.0","4","2.75","2015-12-29T15:02:44.106Z","","",""
"1","331","-2.168985","29.28545","1703.0","73.0","3.9","2.75","2015-12-29T15:02:45.236Z","","",""
"1","332","-2.168985","29.28545","1703.0","73.0","3","2.75","2015-12-29T15:02:45.652Z","","",""
"1","333","-2.168981","29.285472","1704.0","74.0","4","2.75","2015-12-29T15:02:46.015Z","","",""
"1","334","-2.168981","29.285472","1704.0","74.0","4","2.75","2015-12-29T15:02:46.051Z","","",""
"1","335","-2.168979","29.285494","1705.0","80.0","3.9","2.75","2015-12-29T15:02:47.696Z","","",""
"1","336","-2.168979","29.285494","1705.0","80.0","3","2.75","2015-12-29T15:02:47.731Z","","",""
"1","337","-2.168979","29.285517","1705.0","84.0","3.9","2.75","2015-12-29T15:02:48.016Z","","",""
"1","338","-2.168979","29.285517","1705.0","84.0","3","2.75","2015-12-29T15:02:48.047Z","","",""
"1","339","-2.168978","29.285541","1706.0","85.0","3.9","2.75","2015-12-29T15:02:49.203Z","","",""
"1","340","-2.168978","29.285541","1706.0","85.0","3","2.75","2015-12-29T15:02:49.626Z","","",""
"1","341","-2.168976","29.285562","1706.0","83.0","3.9","2.5","2015-12-29T15:02:50.023Z","","",""
"1","342","-2.168976","29.285562","1706.0","83.0","3","2.5","2015-12-29T15:02:50.083Z","","",""
"1","343","-2.168975","29.285579","1705.0","81.0","3.9","2.5","2015-12-29T15:02:51.252Z","","",""
"1","344","-2.168976","29.285574","1705.0","81.0","3","0.25","2015-12-29T15:02:52.060Z","","",""
"1","345","-2.168981","29.285561","1705.0","","3.9","0","2015-12-29T15:02:53.356Z","","",""
"1","346","-2.168985","29.285553","1705.0","","3","0","2015-12-29T15:02:56.078Z","","",""
"1","347","-2.168986","29.285552","1705.0","","3.9","0","2015-12-29T15:02:57.298Z","","",""
"1","348","-2.168987","29.285544","1704.0","","3","0","2015-12-29T15:03:33.096Z","","",""
"1","349","-2.168987","29.285541","1704.0","","3.9","0","2015-12-29T15:03:34.347Z","","",""
"1","350","-2.168992","29.285547","1707.0","","3","0","2015-12-29T15:03:50.471Z","","",""
"1","351","-2.168994","29.285547","1707.0","81.0","3.9","0.25","2015-12-29T15:03:51.091Z","","",""
"1","352","-2.168999","29.285541","1706.0","","3","0","2015-12-29T15:03:53.056Z","","",""
"1","353","-2.169","29.285539","1706.0","","3.9","0","2015-12-29T15:03:54.078Z","","",""
"1","354","-2.168998","29.285547","1703.0","81.0","4","0.5","2015-12-29T15:04:27.073Z","","",""
"1","355","-2.168995","29.285556","1703.0","81.0","4","0.75","2015-12-29T15:04:28.431Z","","",""
"1","356","-2.168995","29.285556","1703.0","81.0","4","0.75","2015-12-29T15:04:28.662Z","","",""
"1","357","-2.168991","29.285566","1703.0","66.0","4","0.75","2015-12-29T15:04:29.027Z","","",""
"1","358","-2.168991","29.285566","1703.0","66.0","4","0.75","2015-12-29T15:04:29.066Z","","",""
"1","359","-2.168989","29.285579","1704.0","72.0","3.9","0.75","2015-12-29T15:04:30.696Z","","",""
"1","360","-2.168989","29.285579","1704.0","72.0","3","0.75","2015-12-29T15:04:30.725Z","","",""
"1","361","-2.168986","29.285593","1701.0","77.0","4","0.75","2015-12-29T15:04:31.028Z","","",""
"1","362","-2.168986","29.285593","1701.0","77.0","4","0.75","2015-12-29T15:04:31.068Z","","",""
"1","363","-2.168985","29.285607","1701.0","85.0","4","0.75","2015-12-29T15:04:32.099Z","","",""
"1","364","-2.168985","29.285607","1701.0","85.0","4","0.75","2015-12-29T15:04:32.605Z","","",""
"1","365","-2.168983","29.28562","1702.0","91.0","4","1","2015-12-29T15:04:33.017Z","","",""
"1","366","-2.168983","29.28562","1702.0","91.0","4","1","2015-12-29T15:04:33.045Z","","",""
"1","367","-2.168982","29.285633","1701.0","98.0","3.9","0.75","2015-12-29T15:04:34.349Z","","",""
"1","368","-2.168982","29.285633","1701.0","98.0","3","0.75","2015-12-29T15:04:34.636Z","","",""
"1","369","-2.168981","29.285645","1700.0","99.0","3.9","1","2015-12-29T15:04:35.017Z","","",""
"1","370","-2.168981","29.285645","1700.0","99.0","3","1","2015-12-29T15:04:35.047Z","","",""
"1","371","-2.168979","29.285655","1700.0","93.0","4","0.75","2015-12-29T15:04:36.080Z","","",""
"1","372","-2.168979","29.285655","1700.0","93.0","4","0.75","2015-12-29T15:04:36.746Z","","",""
"1","373","-2.168977","29.285665","1699.0","85.0","4","0.75","2015-12-29T15:04:37.017Z","","",""
"1","374","-2.168977","29.285665","1699.0","85.0","4","0.75","2015-12-29T15:04:37.050Z","","",""
"1","375","-2.168974","29.285674","1698.0","77.0","4","0.75","2015-12-29T15:04:38.421Z","","",""
"1","376","-2.168974","29.285674","1698.0","77.0","4","0.75","2015-12-29T15:04:38.652Z","","",""
"1","377","-2.168971","29.285685","1699.0","80.0","4","0.75","2015-12-29T15:04:39.017Z","","",""
"1","378","-2.168971","29.285685","1699.0","80.0","4","0.75","2015-12-29T15:04:39.069Z","","",""
"1","379","-2.168968","29.285694","1698.0","77.0","4","0.75","2015-12-29T15:04:40.452Z","","",""
"1","380","-2.168968","29.285694","1698.0","77.0","4","0.75","2015-12-29T15:04:40.608Z","","",""
"1","381","-2.168968","29.285703","1703.0","83.0","4","0.75","2015-12-29T15:04:41.017Z","","",""
"1","382","-2.168968","29.285703","1703.0","83.0","4","0.75","2015-12-29T15:04:41.060Z","","",""
"1","383","-2.168966","29.285712","1704.0","83.0","4","0.75","2015-12-29T15:04:42.359Z","","",""
"1","384","-2.168963","29.285717","1706.0","","3","0","2015-12-29T15:04:43.064Z","","",""
"1","385","-2.168961","29.28572","1705.0","","3.9","0","2015-12-29T15:04:44.352Z","","",""
"1","386","-2.168958","29.285725","1705.0","83.0","3","0.25","2015-12-29T15:04:47.090Z","","",""
"1","387","-2.168953","29.285728","1703.0","83.0","3.9","0.5","2015-12-29T15:04:48.242Z","","",""
"1","388","-2.168947","29.285731","1703.0","83.0","4","0.5","2015-12-29T15:04:49.056Z","","",""
"1","389","-2.168941","29.285732","1705.0","83.0","3.9","0.5","2015-12-29T15:04:50.290Z","","",""
"1","390","-2.168936","29.285732","1704.0","83.0","4","0.5","2015-12-29T15:04:51.048Z","","",""
"1","391","-2.168931","29.285731","1703.0","83.0","4","0.5","2015-12-29T15:04:52.365Z","","",""
"1","392","-2.168922","29.28573","1702.0","83.0","3","0.5","2015-12-29T15:04:54.452Z","","",""
"1","393","-2.168918","29.285727","1702.0","83.0","9","0.5","2015-12-29T15:04:55.091Z","","",""
"1","394","-2.168913","29.285724","1703.0","83.0","9","0.5","2015-12-29T15:04:56.556Z","","",""
"1","395","-2.168909","29.28572","1703.0","83.0","9","0.5","2015-12-29T15:04:57.079Z","","",""
"1","396","-2.168904","29.285715","1703.0","83.0","9","0.5","2015-12-29T15:04:58.612Z","","",""
"1","397","-2.168898","29.285711","1702.0","83.0","9","0.5","2015-12-29T15:04:59.209Z","","",""
"1","398","-2.168893","29.285709","1701.0","83.0","9","0.5","2015-12-29T15:05:00.660Z","","",""
"1","399","-2.168888","29.285709","1701.0","83.0","9","0.5","2015-12-29T15:05:01.068Z","","",""
"1","400","-2.168888","29.285709","1701.0","83.0","9","0.5","2015-12-29T15:05:01.103Z","","",""
"1","401","-2.168838","29.285808","1701.0","83.0","9","0.75","2015-12-29T15:05:18.057Z","","",""
"1","402","-2.168835","29.285814","1701.0","83.0","9","0.75","2015-12-29T15:05:19.802Z","","",""
"1","403","-2.168831","29.285818","1702.0","83.0","9","0.75","2015-12-29T15:05:20.018Z","","",""
"1","404","-2.168825","29.285823","1704.0","83.0","9","0.75","2015-12-29T15:05:21.483Z","","",""
"1","405","-2.168819","29.285828","1704.0","83.0","9","0.75","2015-12-29T15:05:22.052Z","","",""
"1","406","-2.168813","29.285834","1704.0","83.0","9","0.75","2015-12-29T15:05:23.549Z","","",""
"1","407","-2.168806","29.285836","1705.0","","9","0","2015-12-29T15:05:24.065Z","","",""
"1","408","-2.168799","29.28584","1705.0","","9","0","2015-12-29T15:05:26.084Z","","",""
"1","409","-2.168796","29.285841","1706.0","","9","0","2015-12-29T15:05:27.371Z","","",""
"1","410","-2.168794","29.285847","1708.0","","9","0","2015-12-29T15:05:29.555Z","","",""
"1","411","-2.168792","29.28585","1708.0","83.0","9","0.25","2015-12-29T15:05:30.047Z","","",""
"1","412","-2.168786","29.285855","1710.0","","9","0","2015-12-29T15:05:35.097Z","","",""
"1","413","-2.168783","29.285854","1710.0","","9","0","2015-12-29T15:05:36.717Z","","",""
"1","414","-2.168774","29.285856","1706.0","","3","0","2015-12-29T15:05:47.046Z","","",""
"1","415","-2.168774","29.285857","1706.0","","3.9","0","2015-12-29T15:05:48.233Z","","",""
"1","416","-2.168767","29.28586","1704.0","83.0","3","0.25","2015-12-29T15:05:53.063Z","","",""
"1","417","-2.168765","29.285864","1703.0","83.0","4","0.25","2015-12-29T15:05:54.322Z","","",""
"1","418","-2.168757","29.285868","1704.0","","3","0","2015-12-29T15:06:00.737Z","","",""
"1","419","-2.168755","29.285868","1703.0","","4","0","2015-12-29T15:06:01.028Z","","",""
"1","420","-2.168752","29.285871","1703.0","","3","0","2015-12-29T15:06:02.466Z","","",""
"1","421","-2.16875","29.285876","1704.0","","3.9","0","2015-12-29T15:06:03.092Z","","",""
"1","422","-2.168748","29.285884","1705.0","","3","0","2015-12-29T15:06:07.133Z","","",""
"1","423","-2.168746","29.285888","1705.0","83.0","4","0.5","2015-12-29T15:06:08.362Z","","",""
"1","424","-2.16874","29.285892","1706.0","83.0","4","0.75","2015-12-29T15:06:09.045Z","","",""
"1","425","-2.168734","29.285898","1704.0","83.0","4","0.75","2015-12-29T15:06:10.371Z","","",""
"1","426","-2.168734","29.285898","1704.0","83.0","4","0.75","2015-12-29T15:06:10.695Z","","",""
"1","427","-2.168726","29.285905","1704.0","83.0","4","0.75","2015-12-29T15:06:11.019Z","","",""
"1","428","-2.168726","29.285905","1704.0","83.0","4","0.75","2015-12-29T15:06:11.058Z","","",""
"1","429","-2.168718","29.285915","1705.0","65.0","5","0.75","2015-12-29T15:06:12.364Z","","",""
"1","430","-2.168718","29.285915","1705.0","65.0","5","0.75","2015-12-29T15:06:12.701Z","","",""
"1","431","-2.168711","29.285927","1704.0","69.0","4","0.75","2015-12-29T15:06:13.027Z","","",""
"1","432","-2.168711","29.285927","1704.0","69.0","4","0.75","2015-12-29T15:06:13.093Z","","",""
"1","433","-2.168705","29.285938","1704.0","71.0","5","0.75","2015-12-29T15:06:14.357Z","","",""
"1","434","-2.168705","29.285938","1704.0","71.0","5","0.75","2015-12-29T15:06:14.628Z","","",""
"1","435","-2.168693","29.285947","1704.0","60.0","6","0.75","2015-12-29T15:06:15.018Z","","",""
"1","436","-2.168693","29.285947","1704.0","60.0","6","0.75","2015-12-29T15:06:15.055Z","","",""
"1","437","-2.168682","29.285952","1704.0","45.0","5","0.75","2015-12-29T15:06:16.700Z","","",""
"1","438","-2.168682","29.285952","1704.0","45.0","5","0.75","2015-12-29T15:06:16.729Z","","",""
"1","439","-2.168672","29.285961","1706.0","39.0","5","0.75","2015-12-29T15:06:17.019Z","","",""
"1","440","-2.168672","29.285961","1706.0","39.0","5","0.75","2015-12-29T15:06:17.060Z","","",""
"1","441","-2.168664","29.285971","1705.0","44.0","5","0.75","2015-12-29T15:06:18.052Z","","",""
"1","442","-2.168664","29.285971","1705.0","44.0","5","0.75","2015-12-29T15:06:18.086Z","","",""
"1","443","-2.168659","29.285986","1706.0","59.0","5","0.75","2015-12-29T15:06:19.064Z","","",""
"1","444","-2.168659","29.285986","1706.0","59.0","5","0.75","2015-12-29T15:06:19.625Z","","",""
"1","445","-2.168654","29.285998","1706.0","65.0","5","0.75","2015-12-29T15:06:20.026Z","","",""
"1","446","-2.168654","29.285998","1706.0","65.0","5","0.75","2015-12-29T15:06:20.072Z","","",""
"1","447","-2.168648","29.286008","1705.0","65.0","5","0.75","2015-12-29T15:06:21.447Z","","",""
"1","448","-2.168648","29.286008","1705.0","65.0","5","0.75","2015-12-29T15:06:21.663Z","","",""
"1","449","-2.16864","29.286015","1704.0","","4","0","2015-12-29T15:06:22.019Z","","",""
"1","450","-2.168632","29.286018","1704.0","","4","0","2015-12-29T15:06:24.058Z","","",""
"1","451","-2.168631","29.286018","1704.0","","4","0","2015-12-29T15:06:25.049Z","","",""
"1","452","-2.168623","29.28602","1704.0","","6","0","2015-12-29T15:06:30.113Z","","",""
"1","453","-2.168621","29.286023","1704.0","","6","0","2015-12-29T15:06:31.359Z","","",""
"1","454","-2.168616","29.28603","1706.0","","6","0","2015-12-29T15:06:35.453Z","","",""
"1","455","-2.168615","29.28603","1706.0","","6","0","2015-12-29T15:06:36.049Z","","",""
"1","456","-2.168614","29.286031","1705.0","","6","0","2015-12-29T15:06:38.127Z","","",""
"1","457","-2.168558","29.28607","1704.0","","9","0","2015-12-29T15:08:33.500Z","","",""
"1","458","-2.168558","29.28607","1705.0","","9","0","2015-12-29T15:08:36.063Z","","",""
"1","459","-2.168487","29.286109","1704.0","","4","0","2015-12-29T15:09:34.104Z","","",""
"1","460","-2.168494","29.286105","1704.0","","9","0","2015-12-29T15:15:05.088Z","","",""
"1","461","-2.168495","29.286105","1703.0","","9","0","2015-12-29T15:15:26.241Z","","",""
"1","462","-2.168503","29.286101","1705.0","","3","0","2015-12-29T15:21:23.728Z","","",""
"1","463","-2.168503","29.286101","1705.0","","3.9","0","2015-12-29T15:21:24.033Z","","",""
"1","464","-2.168511","29.286102","1707.0","","3","0","2015-12-29T15:30:54.329Z","","",""
"1","465","-2.168511","29.286102","1707.0","","3.9","0","2015-12-29T15:30:55.320Z","","",""
"1","466","-2.168507","29.286096","1708.0","","8","0","2015-12-29T15:39:15.020Z","","",""
